Sample,Amp28,Amp44,d15NpermilvsAIR,d13CpermilvsVPDB,wtN,wtC,Fixing,Order,Family,Tribe,binomial,Genus,Species,Native_status,Locality,Soil_pct_N_1,Soil_pct_N_2,Soil_pct_C_1,Soil_pct_C_2,County,Collector,Habitat,Habitat_detailed,State,ID_qualifier
JRD542,2125,8804,2.3,-33.97,2.42,44.18,1,Fabales,Fabaceae,Ingeae,Albizia julibrissin,Albizia,julibrissin,E,Disturbed,0.19,0.08,2.29,1.56,Oktibbeha,Doby,Disturbed,Disturbance area,Mississippi,
JRD543,5140,11093,0.3,-32.48,4.71,43.94,1,Fabales,Fabaceae,Ingeae,Albizia julibrissin,Albizia,julibrissin,E,Disturbed,0.19,0.08,2.29,1.56,Oktibbeha,Doby,Disturbed,Disturbance area,Mississippi,
JRD387,8866,6687,1.44,-28.43,4.01,47.09,1,Fabales,Fabaceae,Ingeae,Albizia julibrissin,Albizia,julibrissin,E,Prairie Creek Roadside,0.12,0.21,2.51,4.03,Alachua,Doby,Upland,Sandhill,Florida,
JRD-338,5696,8840,-1.69,-33.94,2.46,36.91,1,Fabales,Fabaceae,Desmodieae,Alysicarpus vaginalis,Alysicarpus,vaginalis,E,NATL site 1,0.18,0.45,5.54,14.21,Alachua,Doby,Disturbed,Disturbed,Florida,
JRD549,3341,10904,1.67,-32.22,3.36,41.78,0,Asterales,Asteraceae,n/a,Ambrosia sp.,Ambrosia,sp.,n/a,Roadside,0.28,0.26,3.68,3.38,Oktibbeha,Doby,Disturbed,Calcite disturbed,Mississippi,
JRD560,2295,11394,0.26,-31.53,1.93,36.98,0,Asterales,Asteraceae,n/a,Ambrosia sp.,Ambrosia,sp.,n/a,Prairie,0.04,0.1,9.7,8.09,Oktibbeha,Doby,Prairie,Calcite prairie,Mississippi,
JRD496,2368,12181,-0.95,-32.82,2.2,43.88,1,Fabales,Fabaceae,Phaseoleae,Amphicarpaea bracteata,Amphicarpaea,bracteata,E,Chocoloco WMA,0.46,0.24,6.21,4.64,Calhoun,Doby,CC forest,Closed canopy forest edge,Alabama,
JRD497,3440,12749,-0.41,-32.38,3.14,45.66,1,Fabales,Fabaceae,Phaseoleae,Amphicarpaea bracteata,Amphicarpaea,bracteata,E,Chocoloco WMA,0.46,0.24,6.21,4.64,Calhoun,Doby,CC forest,Closed canopy forest edge,Alabama,
JRD573,607,11717,1.79,-13.91,0.65,44.44,0,Poales,Poaceae,n/a,Andropogon glomeratus,Andropogon,glomeratus,N,Anastasia State Park,0.01,0.01,0.21,0.11,St. Johns,Doby,Maritime,Ecotone Maritime Hammock to salt marsh,Florida,
JRD372,2302,6955,5.24,-13.99,0.95,43.06,0,Poales,Poaceae,n/a,Andropogon,Andropogon,sp.,n/a,Prairie Creek Preserve,n/a,n/a,n/a,n/a,Alachua,Doby,Swamp,Seasonal floodplain,Florida,
JRD413,854,3990,2.83,-13.45,0.87,43.27,0,Poales,Poaceae,n/a,Andropogon glomeratus,Andropogon,glomeratus,N,Austin Cary,0.12,0.1,3.26,3.13,Alachua,Doby,Flatwoods,Flatwoods,Florida,
JRD-330,8319,9917,-1.07,-31.9,3.61,41.73,1,Fabales,Fabaceae,Ingeae,Arachis hypogaea,Arachis,hypogaea,E,NATL site 1,0.18,0.45,5.54,14.21,Alachua,Doby,Disturbed,Disturbed,Florida,
JRD-341,2444,9805,-0.19,-33.81,1.1,41.51,0,Ericales,Primulaceae,n/a,Ardisia crenata,Ardisia,crenata,E,Lake Alice,n/a,n/a,n/a,n/a,Alachua,Doby,Disturbed,Flooded forest,Florida,
JRD454,767,3695,0.26,-14.13,0.91,45.36,0,Poales,Poaceae,n/a,Aristida beyrichiana,Aristida,beyrichiana,N,Austin Cary,0.03,0.03,0.68,1.01,Alachua,Doby,Upland,Sandhill,Florida,
JRD597,564,10706,-1.74,-13.1,0.6,44.36,0,Poacles,Poaceae,n/a,Aristida beyrichiana,Aristida,beyrichiana,N,Citrus WMA,0.03,0.03,1.08,0.66,Citrus,Doby,Upland,Calcite Upland,Florida,
JRD429,1673,3604,1.5,-27.37,1.97,44.3,0,Poales,Poaceae,n/a,Arundinaria gigantea,Arundinaria,gigantea,N,Austin Cary,0.03,0.13,0.74,2.97,Alachua,Doby,Mixed,Mixed Hardwood,Florida,
JRD519,2059,10115,3.21,-33.25,2.09,44.31,0,Asterales,Asteraceae,n/a,Asteraceae,Asteraceae,sp.,n/a,Chocoloco WMA,0.17,0.17,4.66,6.04,Calhoun,Doby,Upland,Pine savannah,Alabama,
JRD506,1676,13149,1.73,-34,1.87,45.27,0,Asterales,Asteraceae,n/a,Asteraceae,Asteraceae,sp.,n/a,Chocoloco WMA,0.16,0.18,7.37,4.23,Calhoun,Doby,Mixed,Mixed pine/hardwood,Alabama,
JRD434,1796,4938,3.25,-32.66,1.65,47.08,0,Asterales,Asteraceae,n/a,Baccharis halimifolia,Baccharis,halimifolia,E,Austin Cary,0.03,0.13,0.74,2.97,Alachua,Doby,Mixed,Mixed Hardwood,Florida,
JRD-328,6493,9988,1.18,-31.21,2.69,41.42,0,Asterales,Asteraceae,n/a,Bidens pilosa,Bidens,pilosa,N,Prairie Creek Preserve,n/a,n/a,n/a,n/a,Alachua,Doby,Disturbed,Flooded ditch,Florida,
JRD-342,9203,10598,-2.22,-32.56,3.64,40.28,0,Asterales,Asteraceae,n/a,Bidens pilosa,Bidens,pilosa,N,NATL site 1,0.18,0.45,5.54,14.21,Alachua,Doby,Disturbed,Disturbed,Florida,
JRD-348,6200,10895,-2.17,-32.76,2.62,43.45,0,Asterales,Asteraceae,n/a,Bidens pilosa,Bidens,pilosa,N,NATL site 2,0.07,0.09,1.34,1.65,Alachua,Doby,Disturbed,Disturbed,Florida,
JRD624,1833,10839,-0.83,-33.49,1.65,37.64,0,Asterales,Asteraceae,n/a,Bidens alba,Bidens,alba,N,Crystal River,0.21,0.25,4.73,5.01,Citrus,Doby,Disturbed,Disturbed Junk Hammock Edge,Florida,
JRD585,2666,12514,1.83,-30.76,2.34,41.64,0,Asterales,Asteraceae,n/a,Bidens,Bidens,n/a,n/a,Anastasia State Park,0.11,0.33,7.03,5.41,St. Johns,Doby,Maritime,Maritime Hammock,Florida,
JRD607,1549,9033,-3.58,-34.51,1.66,37.66,0,Asterales,Asteraceae,n/a,Bidens alba,Bidens,alba,N,Citrus WMA,0.06,0.04,1.41,1.09,Citrus,Doby,Mixed,Calcite Mixed Pine/Hardwood,Florida,
JRD630,3058,9588,-0.35,-34.27,3.23,42.53,0,Asterales,Asteraceae,n/a,Bidens alba,Bidens,alba,N,Crystal River,0.54,1.03,10.73,23.54,Citrus,Doby,Mixed,Disturbed Mixed Pine/Hardwod,Florida,
JRD617,1774,9353,-1.54,-32.75,1.79,39.06,0,Asterales,Asteraceae,n/a,Bidens alba,Bidens,alba,N,Crystal River,0.31,0.26,5.17,7.85,Citrus,Doby,Saltmarsh,Saltmarsh Ecotone,Florida,
JRD580,1976,7922,9.39,-29.62,2.1,33.74,0,Asterales,Asteraceae,n/a,Borrichia frutescens,Borrichia,frutescens,N,Anastasia State Park,0.01,0.01,0.21,0.11,St. Johns,Doby,Maritime,Ecotone Maritime Hammock to salt marsh,Florida,
JRD-343,6789,9637,-3.05,-33.07,2.68,36.52,0,Asterales,Asteraceae,n/a,Calyptocarpus vialis,Calyptocarpus,vialis,N,NATL site 1,0.18,0.45,5.54,14.21,Alachua,Doby,Disturbed,Disturbed,Florida,
JRD501,2848,10238,-1.31,-33.57,2.78,39.6,1,Fabales,Fabaceae,Phaseoleae,Centrosema virginianum,Centrosema,virginianum,N,Chocoloco WMA,0.46,0.24,6.21,4.64,Calhoun,Doby,CC forest,Closed canopy forest edge,Alabama,
JRD-313,3943,9418,-1.48,-29.03,1.71,40.4,1,Fabales,Fabaceae,Phaseoleae,Centrosema virginianum,Centrosema,virginianum,N,Austin Cary Forest,n/a,n/a,n/a,n/a,Alachua,Doby,Flatwoods,Flatwoods,Florida,
JRD420,2249,3692,-1.49,-30.62,2.42,41.66,1,Fabales,Fabaceae,Phaseoleae,Centrosema virginianum,Centrosema,virginianum,N,Austin Cary,0.12,0.1,3.26,3.13,Alachua,Doby,Flatwoods,Flatwoods,Florida,
JRD425,3231,4034,-1.04,-29.68,3.21,42.48,1,Fabales,Fabaceae,Phaseoleae,Centrosema virginianum,Centrosema,virginianum,N,Austin Cary,0.12,0.1,3.26,3.13,Alachua,Doby,Flatwoods,Flatwoods,Florida,
JRD578,3162,12762,0.12,-29.88,2.72,42.63,1,Fabales,Fabaceae,Phaseoleae,Centrosema virginianum,Centrosema,virginianum,N,Anastasia State Park,0.01,0.01,0.21,0.11,St. Johns,Doby,Maritime,Ecotone Maritime Hammock to salt marsh,Florida,
JRD579,3856,9135,-1.33,-28.61,3.24,41.63,1,Fabales,Fabaceae,Phaseoleae,Centrosema virginianum,Centrosema,virginianum,N,Anastasia State Park,0.01,0.01,0.21,0.11,St. Johns,Doby,Maritime,Ecotone Maritime Hammock to salt marsh,Florida,
JRD525,1836,9662,2.76,-33.13,2.24,44.19,0,Fabales,Fabaceae,Cercideae,Cercis canadensis,Cercis,canadensis,N,MSU forest,0.23,0.26,3.09,3.82,Oktibbeha,Doby,CC forest,Closed canopy forest,Mississippi,
JRD526,2056,9579,3.29,-33.64,2.36,41.85,0,Fabales,Fabaceae,Cercideae,Cercis canadensis,Cercis,canadensis,N,MSU forest,0.23,0.26,3.09,3.82,Oktibbeha,Doby,CC forest,Closed canopy forest,Mississippi,
JRD551,2677,10080,1.65,-31.33,3.06,44.4,0,Fabales,Fabaceae,Cercideae,Cercis canadensis,Cercis,canadensis,N,Roadside,0.28,0.26,3.68,3.38,Oktibbeha,Doby,Disturbed,Calcite disturbed,Mississippi,
JRD552,1681,13358,2.79,-31.44,1.42,43.07,0,Fabales,Fabaceae,Cercideae,Cercis canadensis,Cercis,canadensis,N,Roadside,0.28,0.26,3.68,3.38,Oktibbeha,Doby,Disturbed,Calcite disturbed,Mississippi,
JRD427,1176,3971,4.75,-33.34,1.33,46.76,0,Fabales,Fabaceae,Cercideae,Cercis canadensis,Cercis,canadensis,N,Austin Cary,0.03,0.13,0.74,2.97,Alachua,Doby,Mixed,Mixed Hardwood,Florida,
JRD428,963,5340,10.41,-32.29,1.06,44.2,0,Fabales,Fabaceae,Cercideae,Cercis canadensis,Cercis,canadensis,N,Austin Cary,0.03,0.13,0.74,2.97,Alachua,Doby,Mixed,Mixed Hardwood,Florida,
JRD-332,8936,11236,-1.61,-33.44,3.78,47.06,1,Fabales,Fabaceae,Cassieae,Chamaecrista nictitans,Chamaecrista,nictitans,N,NATL site 2,0.07,0.09,1.34,1.65,Alachua,Doby,Disturbed,Disturbed,Florida,
JRD-315,4677,12779,0.84,-32.91,1.86,48.96,1,Fabales,Fabaceae,Cassieae,Chamaecrista nictitans,Chamaecrista,nictitans,N,Austin Cary Forest,n/a,n/a,n/a,n/a,Alachua,Doby,Flatwoods,Flatwoods,Florida,
JRD421,2229,4116,0.36,-32.4,2.45,47.42,1,Fabales,Fabaceae,Cassieae,Chamaecrista nictitans,Chamaecrista,nictitans,N,Austin Cary,0.12,0.1,3.26,3.13,Alachua,Doby,Flatwoods,Flatwoods,Florida,
JRD422,2080,4202,0.54,-33.29,2.24,47.66,1,Fabales,Fabaceae,Cassieae,Chamaecrista nictitans,Chamaecrista,nictitans,N,Austin Cary,0.12,0.1,3.26,3.13,Alachua,Doby,Flatwoods,Flatwoods,Florida,
JRD457,2093,3973,0.58,-32.09,2.33,45.15,1,Fabales,Fabaceae,Cassieae,Chamaecrista nictitans,Chamaecrista,nictitans,N,Austin Cary,0.03,0.03,0.68,1.01,Alachua,Doby,Upland,Sandhill,Florida,
JRD458,2005,4391,1.77,-33.35,2.15,48.87,1,Fabales,Fabaceae,Cassieae,Chamaecrista nictitans,Chamaecrista,nictitans,N,Austin Cary,0.03,0.03,0.68,1.01,Alachua,Doby,Upland,Sandhill,Florida,
JRD474,2209,10728,2.93,-32.73,2.57,49.96,1,Fabales,Fabaceae,Cassieae,Chamaecrista nictitans,Chamaecrista,nictitans,N,Livingston Place,0.23,0.09,4.94,1.79,Jefferson,Doby,Upland,Sandhill,Florida,
JRD475,2395,11452,1.5,-32.06,2.58,48.78,1,Fabales,Fabaceae,Cassieae,Chamaecrista nictitans,Chamaecrista,nictitans,N,Livingston Place,0.23,0.09,4.94,1.79,Jefferson,Doby,Upland,Sandhill,Florida,
JRD499,2613,11055,0.38,-36.95,2.83,47.36,1,Fabales,Fabaceae,Cassieae,Chamaecrista nictitans,Chamaecrista,nictitans,N,Chocoloco WMA,0.46,0.24,6.21,4.64,Calhoun,Doby,CC forest,Closed canopy forest edge,Alabama,
JRD553,2714,10344,-0.26,-32.98,2.81,41.56,1,Fabales,Fabaceae,Cassieae,Chamaecrista fasciculata,Chamaecrista,fasciculata,N,Roadside,0.28,0.26,3.68,3.38,Oktibbeha,Doby,Disturbed,Calcite disturbed,Mississippi,
JRD554,2438,9878,0.82,-33.69,2.88,45.89,1,Fabales,Fabaceae,Cassieae,Chamaecrista fasciculata,Chamaecrista,fasciculata,N,Roadside,0.28,0.26,3.68,3.38,Oktibbeha,Doby,Disturbed,Calcite disturbed,Mississippi,
JRD581,2190,12407,1.9,-31.95,2.14,48.57,1,Fabales,Fabaceae,Cassieae,Chamaecrista nictitans,Chamaecrista,nictitans,N,Anastasia State Park,0.01,0.01,0.21,0.11,St. Johns,Doby,Maritime,Ecotone Maritime Hammock to salt marsh,Florida,
JRD582,3805,8523,-0.7,-31.39,3.77,45.74,1,Fabales,Fabaceae,Cassieae,Chamaecrista nictitans,Chamaecrista,nictitans,N,Anastasia State Park,0.01,0.01,0.21,0.11,St. Johns,Doby,Maritime,Ecotone Maritime Hammock to salt marsh,Florida,
JRD507,3290,11421,0.69,-34.54,3.56,47.66,1,Fabales,Fabaceae,Cassieae,Chamaecrista nictitans,Chamaecrista,nictitans,N,Chocoloco WMA,0.16,0.18,7.37,4.23,Calhoun,Doby,Mixed,Mixed pine/hardwood,Alabama,
JRD507,3277,10304,0.96,-34.73,3.56,46.71,1,Fabales,Fabaceae,Cassieae,Chamaecrista nictitans,Chamaecrista,nictitans,N,Chocoloco WMA,0.16,0.18,7.37,4.23,Calhoun,Doby,Mixed,Mixed pine/hardwood,Alabama,
JRD508,4189,13170,1.24,-34.53,3.54,45.91,1,Fabales,Fabaceae,Cassieae,Chamaecrista nictitans,Chamaecrista,nictitans,N,Chocoloco WMA,0.16,0.18,7.37,4.23,Calhoun,Doby,Mixed,Mixed pine/hardwood,Alabama,
JRD635,1758,10760,1.05,-35.75,1.84,45.63,1,Fabales,Fabaceae,Cassieae,Chamaecrista fasciculata,Chamaecrista,fasciculata,N,Crystal River,0.54,1.03,10.73,23.54,Citrus,Doby,Mixed,Disturbed Mixed Pine/Hardwod,Florida,
JRD636,2569,14129,-0.76,-35.46,2.03,44.18,1,Fabales,Fabaceae,Cassieae,Chamaecrista fasciculata,Chamaecrista,fasciculata,N,Crystal River,0.54,1.03,10.73,23.54,Citrus,Doby,Mixed,Disturbed Mixed Pine/Hardwod,Florida,
JRD563,1261,11163,2.09,-31.79,1.38,46.93,1,Fabales,Fabaceae,Cassieae,Chamaecrista fasciculata,Chamaecrista,fasciculata,N,Prairie,0.04,0.1,9.7,8.09,Oktibbeha,Doby,Prairie,Calcite prairie,Mississippi,
JRD564,1464,11710,0.28,-33.4,1.53,47.44,1,Fabales,Fabaceae,Cassieae,Chamaecrista fasciculata,Chamaecrista,fasciculata,N,Prairie,0.04,0.1,9.7,8.09,Oktibbeha,Doby,Prairie,Calcite prairie,Mississippi,
JRD526(2),3458,10508,1.02,-35.81,3.63,47.73,1,Fabales,Fabaceae,Cassieae,Chamaecrista nictitans,Chamaecrista,nictitans,N,Chocoloco WMA,0.17,0.17,4.66,6.04,Calhoun,Doby,Upland,Pine savannah,Alabama,
JRD527(2),3289,9211,-0.58,-33.89,3.85,47.23,1,Fabales,Fabaceae,Cassieae,Chamaecrista nictitans,Chamaecrista,nictitans,N,Chocoloco WMA,0.17,0.17,4.66,6.04,Calhoun,Doby,Upland,Pine savannah,Alabama,
JRD600,2321,14572,-1.36,-32.78,2.06,49.06,1,Fabales,Fabaceae,Cassieae,Chamaecrista nictitans,Chamaecrista,nictitans,N,Citrus WMA,0.03,0.03,1.08,0.66,Citrus,Doby,Upland,Calcite Upland,Florida,
JRD601,1903,11057,-2.34,-32.28,2.16,49.1,1,Fabales,Fabaceae,Cassieae,Chamaecrista nictitans,Chamaecrista,nictitans,N,Citrus WMA,0.03,0.03,1.08,0.66,Citrus,Doby,Upland,Calcite Upland,Florida,
JRD533,1128,9656,1.52,-29.97,1.16,45.33,0,Poales,Poaceae,n/a,Chasmanthium sessiliflorum,Chasmanthium,sessiliflorum,N,Disturbed,0.19,0.08,2.29,1.56,Oktibbeha,Doby,Disturbed,Disturbance area,Mississippi,
JRD379,5151,6184,2.36,-29.16,2.23,40.33,0,Asterales,Asteraceae,n/a,Cirsium,Cirsium,sp.,n/a,Prairie Creek Preserve,n/a,n/a,n/a,n/a,Alachua,Doby,Swamp,Seasonal floodplain,Florida,
JRD476,2219,10661,1.65,-28.18,2.36,44.23,1,Fabales,Fabaceae,Phaseoleae,Clitoria mariana,Clitoria,mariana,N,Livingston Place,0.23,0.09,4.94,1.79,Jefferson,Doby,Upland,Sandhill,Florida,
JRD477,2276,10168,2.99,-27.84,2.5,43.86,1,Fabales,Fabaceae,Phaseoleae,Clitoria mariana,Clitoria,mariana,N,Livingston Place,0.23,0.09,4.94,1.79,Jefferson,Doby,Upland,Sandhill,Florida,
JRD-333,11249,10843,-1.21,-32.85,4.48,42.41,1,Fabales,Fabaceae,Crotalarieae,Crotalaria lanceolata,Crotalaria,lanceolata,E,NATL site 2,0.07,0.09,1.34,1.65,Alachua,Doby,Disturbed,Disturbed,Florida,
JRD-335,13246,10803,-1.46,-34.45,5.51,43.69,1,Fabales,Fabaceae,Crotalarieae,Crotalaria pallida,Crotalaria,pallida,E,NATL site 2,0.07,0.09,1.34,1.65,Alachua,Doby,Disturbed,Disturbed,Florida,
JRD-339,12171,10521,-1.16,-33.77,5.11,42.86,1,Fabales,Fabaceae,Crotalarieae,Crotalaria lanceolata,Crotalaria,lanceolata,E,NATL site 2,0.07,0.09,1.34,1.65,Alachua,Doby,Disturbed,Disturbed,Florida,
JRD-349,2769,14983,-3.65,-28.72,1.21,46.08,1,Fabales,Fabaceae,Crotalarieae,Crotalaria lanceolata,Crotalaria,lanceolata,E,NATL site 2,0.07,0.09,1.34,1.65,Alachua,Doby,Disturbed,Disturbed,Florida,
JRD-311,3200,11455,1.36,-30.14,1.41,36.38,1,Fabales,Fabaceae,Crotalarieae,Crotalaria rotundifolia,Crotalaria,rotundifolia,N,Austin Cary Forest,n/a,n/a,n/a,n/a,Alachua,Doby,Flatwoods,Flatwoods,Florida,
JRD419,2342,3641,2.52,-32.43,2.41,39.52,1,Fabales,Fabaceae,Crotalarieae,Crotalaria rotundifolia,Crotalaria,rotundifolia,N,Austin Cary,0.12,0.1,3.26,3.13,Alachua,Doby,Flatwoods,Flatwoods,Florida,
JRD424,2539,3417,1.98,-32.23,2.38,33.82,1,Fabales,Fabaceae,Crotalarieae,Crotalaria rotundifolia,Crotalaria,rotundifolia,N,Austin Cary,0.12,0.1,3.26,3.13,Alachua,Doby,Flatwoods,Flatwoods,Florida,
JRD397,5831,7742,1.31,-30.25,2.53,38.97,1,Fabales,Fabaceae,Crotalarieae,Crotalaria sp.,Crotalaria,sp.,N,San Felasco,0.04,0.08,1.1,2.19,Alachua,Doby,Upland,Sandhill,Florida,
JRD403,4756,5344,1.5,-30.31,1.99,34.2,1,Fabales,Fabaceae,Crotalarieae,Crotalaria sp.,Crotalaria,sp.,N,San Felasco,0.04,0.08,1.1,2.19,Alachua,Doby,Upland,Sandhill,Florida,
JRD566,2074,10093,1.68,-29.62,2.15,40.46,1,Fabales,Fabaceae,Amorpheae,Dalea candida,Dalea,candida,N,Prairie,0.04,0.1,9.7,8.09,Oktibbeha,Doby,Prairie,Calcite prairie,Mississippi,
JRD567,1468,10326,1.39,-28.32,1.73,37.8,1,Fabales,Fabaceae,Amorpheae,Dalea candida,Dalea,candida,N,Prairie,0.04,0.1,9.7,8.09,Oktibbeha,Doby,Prairie,Calcite prairie,Mississippi,
JRD568,2434,9801,0.26,-26.51,2.6,40.55,1,Fabales,Fabaceae,Amorpheae,Dalea purpurea,Dalea,purpurea,N,Prairie,0.04,0.1,9.7,8.09,Oktibbeha,Doby,Prairie,Calcite prairie,Mississippi,
JRD404,5950,6509,0.56,-30.08,2.65,44.62,1,Fabales,Fabaceae,Desmodieae,Dalea sp.,Dalea,sp.,n/a,San Felasco,0.04,0.08,1.1,2.19,Alachua,Doby,Upland,Sandhill,Florida,
JRD405,4988,9192,0.6,-28.74,2.01,42.76,1,Fabales,Fabaceae,Desmodieae,Dalea sp.,Dalea,sp.,n/a,San Felasco,0.04,0.08,1.1,2.19,Alachua,Doby,Upland,Sandhill,Florida,
JRD544,2023,10317,2.14,-30.43,1.96,43.83,1,Fabales,Fabaceae,Mimoseae,Desmanthus illinoiensis,Desmanthus,illinoiensis,N,Disturbed,0.19,0.08,2.29,1.56,Oktibbeha,Doby,Disturbed,Disturbance area,Mississippi,
JRD545,2094,12680,0.92,-32.14,1.99,41.99,1,Fabales,Fabaceae,Mimoseae,Desmanthus illinoiensis,Desmanthus,illinoiensis,N,Disturbed,0.19,0.08,2.29,1.56,Oktibbeha,Doby,Disturbed,Disturbance area,Mississippi,
JRD557,1981,9760,2.2,-31.91,2.21,42.65,1,Fabales,Fabaceae,Mimoseae,Desmanthus illinoiensis,Desmanthus,illinoiensis,N,Roadside,0.28,0.26,3.68,3.38,Oktibbeha,Doby,Disturbed,Calcite disturbed,Mississippi,
JRD558,2149,11032,4.62,-31.07,2.07,41.02,1,Fabales,Fabaceae,Mimoseae,Desmanthus illinoiensis,Desmanthus,illinoiensis,N,Roadside,0.28,0.26,3.68,3.38,Oktibbeha,Doby,Disturbed,Calcite disturbed,Mississippi,
JRD569,1568,10448,1.6,-27.85,1.65,42.14,1,Fabales,Fabaceae,Mimoseae,Desmanthus illinoiensis,Desmanthus,illinoiensis,N,Prairie,0.04,0.1,9.7,8.09,Oktibbeha,Doby,Prairie,Calcite prairie,Mississippi,
JRD570,2377,12807,1.51,-28.17,2.1,43.84,1,Fabales,Fabaceae,Mimoseae,Desmanthus illinoiensis,Desmanthus,illinoiensis,N,Prairie,0.04,0.1,9.7,8.09,Oktibbeha,Doby,Prairie,Calcite prairie,Mississippi,
JRD-321,3737,9980,-1.24,-33.31,1.62,43.22,1,Fabales,Fabaceae,Desmodieae,Desmodium incanum,Desmodium,incanum,E,Prairie Creek Preserve,n/a,n/a,n/a,n/a,Alachua,Doby,Disturbed,Flooded ditch,Florida,
JRD-322,3784,10455,-1.24,-31.82,1.53,42.83,1,Fabales,Fabaceae,Desmodieae,Desmodium trifolium,Desmodium,trifolium,E,Prairie Creek Preserve,n/a,n/a,n/a,n/a,Alachua,Doby,Disturbed,Flooded ditch,Florida,
JRD-331,8313,10972,-1.86,-33.86,3.42,45.51,1,Fabales,Fabaceae,Desmodieae,Desmodium incanum,Desmodium,incanum,E,NATL site 1,0.18,0.45,5.54,14.21,Alachua,Doby,Disturbed,Disturbed,Florida,
JRD-340,10323,10154,-1.01,-33.07,4.42,43.3,1,Fabales,Fabaceae,Desmodieae,Desmodium trifolium,Desmodium,trifolium,E,NATL site 1,0.18,0.45,5.54,14.21,Alachua,Doby,Disturbed,Disturbed,Florida,
JRD547,2231,9345,0.33,-33.18,2.51,46.78,1,Fabales,Fabaceae,Desmodieae,Desmodium incanum,Desmodium,incanum,E,Disturbed,0.19,0.08,2.29,1.56,Oktibbeha,Doby,Disturbed,Disturbance area,Mississippi,
JRD548,2238,9620,1.12,-32.43,2.4,46.33,1,Fabales,Fabaceae,Desmodieae,Desmodium incanum,Desmodium,incanum,E,Disturbed,0.19,0.08,2.29,1.56,Oktibbeha,Doby,Disturbed,Disturbance area,Mississippi,
JRD618,3664,11408,-0.94,-31.21,3.58,45.46,1,Fabales,Fabaceae,Desmodieae,Desmodium trifolium,Desmodium,trifolium,E,Crystal River,0.31,0.26,5.17,7.85,Citrus,Doby,Saltmarsh,Saltmarsh Ecotone,Florida,
JRD619,3586,13575,-1.06,-31.37,3.67,46,1,Fabales,Fabaceae,Desmodieae,Desmodium trifolium,Desmodium,trifolium,E,Crystal River,0.31,0.26,5.17,7.85,Citrus,Doby,Saltmarsh,Saltmarsh Ecotone,Florida,
JRD625,2407,10152,-0.47,-35.47,2.42,42.7,1,Fabales,Fabaceae,Desmodieae,Desmodium strictum,Desmodium,strictum,N,Crystal River,0.21,0.25,4.73,5.01,Citrus,Doby,Disturbed,Disturbed Junk Hammock Edge,Florida,
JRD626,2866,9976,-0.2,-36.34,2.98,43.59,1,Fabales,Fabaceae,Desmodieae,Desmodium strictum,Desmodium,strictum,N,Crystal River,0.21,0.25,4.73,5.01,Citrus,Doby,Disturbed,Disturbed Junk Hammock Edge,Florida,
N33-1,2106,8920,2.03,-31.48,2.43,40.19,1,Fabales,Fabaceae,Desmodieae,Desmodium ciliare,Desmodium,ciliare,N,Roadside,0.28,0.26,3.68,3.38,Oktibbeha,Doby,Disturbed,Calcite disturbed,Mississippi,
N33-2,3319,11144,0.17,-30.86,3.14,41.11,1,Fabales,Fabaceae,Desmodieae,Desmodium ciliare,Desmodium,ciliare,N,Roadside,0.28,0.26,3.68,3.38,Oktibbeha,Doby,Disturbed,Calcite disturbed,Mississippi,
JRD423,1784,4824,3.9,-31.12,1.52,43.4,1,Fabales,Fabaceae,Desmodieae,Desmodium strictum,Desmodium,strictum,N,Austin Cary,0.12,0.1,3.26,3.13,Alachua,Doby,Flatwoods,Flatwoods,Florida,cf.
JRD426,2201,4250,2.08,-31.02,2.06,42.83,1,Fabales,Fabaceae,Desmodieae,Desmodium strictum,Desmodium,strictum,N,Austin Cary,0.12,0.1,3.26,3.13,Alachua,Doby,Flatwoods,Flatwoods,Florida,cf.
JRD511,2228,9488,0.89,-35.21,2.27,41.3,1,Fabales,Fabaceae,Desmodieae,Desmodium strictum,Desmodium,strictum,N,Chocoloco WMA,0.16,0.18,7.37,4.23,Calhoun,Doby,Mixed,Mixed pine/hardwood,Alabama,
JRD512,2618,10488,0.17,-33.58,2.48,41.41,1,Fabales,Fabaceae,Desmodieae,Desmodium strictum,Desmodium,strictum,N,Chocoloco WMA,0.16,0.18,7.37,4.23,Calhoun,Doby,Mixed,Mixed pine/hardwood,Alabama,
JRD513,3135,11328,-0.14,-33.56,2.85,43.13,1,Fabales,Fabaceae,Desmodieae,Desmodium floridanum,Desmodium,floridanum,N,Chocoloco WMA,0.16,0.18,7.37,4.23,Calhoun,Doby,Mixed,Mixed pine/hardwood,Alabama,
JRD514,1758,9939,0.16,-33.48,1.8,42.96,1,Fabales,Fabaceae,Desmodieae,Desmodium floridanum,Desmodium,floridanum,N,Chocoloco WMA,0.16,0.18,7.37,4.23,Calhoun,Doby,Mixed,Mixed pine/hardwood,Alabama,
JRD639,2960,10556,-0.23,-31.23,2.91,43.58,1,Fabales,Fabaceae,Desmodieae,Desmodium strictum,Desmodium,strictum,N,Crystal River,0.54,1.03,10.73,23.54,Citrus,Doby,Mixed,Disturbed Mixed Pine/Hardwod,Florida,
JRD640,4031,12877,-0.24,-31.95,3.47,44.25,1,Fabales,Fabaceae,Desmodieae,Desmodium strictum,Desmodium,strictum,N,Crystal River,0.54,1.03,10.73,23.54,Citrus,Doby,Mixed,Disturbed Mixed Pine/Hardwod,Florida,
JRD641,3738,13780,0.54,-34.52,3.12,44.78,1,Fabales,Fabaceae,Desmodieae,Desmodium rotundifolia,Desmodium,rotundifolia,N,Crystal River,0.54,1.03,10.73,23.54,Citrus,Doby,Mixed,Disturbed Mixed Pine/Hardwod,Florida,
JRD642,3245,13878,1.48,-34.24,2.64,43.4,1,Fabales,Fabaceae,Desmodieae,Desmodium rotundifolia,Desmodium,rotundifolia,N,Crystal River,0.54,1.03,10.73,23.54,Citrus,Doby,Mixed,Disturbed Mixed Pine/Hardwod,Florida,
JRD644,2573,10275,0.41,-32.9,2.69,43.2,1,Fabales,Fabaceae,Desmodieae,Desmodium floridanum,Desmodium,floridanum,N,Crystal River,0.54,1.03,10.73,23.54,Citrus,Doby,Mixed,Disturbed Mixed Pine/Hardwod,Florida,
JRD645,2815,13250,0.19,-33.35,2.4,43.55,1,Fabales,Fabaceae,Desmodieae,Desmodium floridanum,Desmodium,floridanum,N,Crystal River,0.54,1.03,10.73,23.54,Citrus,Doby,Mixed,Disturbed Mixed Pine/Hardwod,Florida,
JRD392,5534,6444,-0.12,-30.94,2.53,44.81,1,Fabales,Fabaceae,Desmodieae,Desmodium strictum,Desmodium,strictum,N,Prairie Creek Roadside,0.12,0.21,2.51,4.03,Alachua,Doby,Upland,Sandhill,Florida,
JRD393,6765,6942,0.26,-31.61,2.82,44.85,1,Fabales,Fabaceae,Desmodieae,Desmodium strictum,Desmodium,strictum,N,Prairie Creek Roadside,0.12,0.21,2.51,4.03,Alachua,Doby,Upland,Sandhill,Florida,
JRD480,1820,11223,0.43,-31.93,1.64,39.63,1,Fabales,Fabaceae,Desmodieae,Desmodium floridanum,Desmodium,floridanum,N,Livingston Place,0.23,0.09,4.94,1.79,Jefferson,Doby,Upland,Sandhill,Florida,
JRD485,1349,11262,0.95,-28.83,1.45,46.8,1,Fabales,Fabaceae,Desmodieae,Desmodium floridanum,Desmodium,floridanum,N,Livingston Place,0.23,0.09,4.94,1.79,Jefferson,Doby,Upland,Sandhill,Florida,
JRD488,1651,9729,2.82,-31.22,1.97,44.4,1,Fabales,Fabaceae,Desmodieae,Desmodium rotundifolia,Desmodium,rotundifolia,N,Livingston Place,0.23,0.09,4.94,1.79,Jefferson,Doby,Upland,Sandhill,Florida,
JRD489,2107,10559,1.89,-31.83,2.29,44.89,1,Fabales,Fabaceae,Desmodieae,Desmodium rotundifolia,Desmodium,rotundifolia,N,Livingston Place,0.23,0.09,4.94,1.79,Jefferson,Doby,Upland,Sandhill,Florida,
JRD520,2280,10272,0.21,-32.78,2.28,44.27,1,Fabales,Fabaceae,Desmodieae,Desmodium floridanum,Desmodium,floridanum,N,Chocoloco WMA,0.17,0.17,4.66,6.04,Calhoun,Doby,Upland,Pine savannah,Alabama,
JRD521,2469,11424,1.88,-33.08,2.23,44.36,1,Fabales,Fabaceae,Desmodieae,Desmodium floridanum,Desmodium,floridanum,N,Chocoloco WMA,0.17,0.17,4.66,6.04,Calhoun,Doby,Upland,Pine savannah,Alabama,
JRD522,1366,9167,1.09,-30.98,1.47,43.53,1,Fabales,Fabaceae,Desmodieae,Desmodium strictum,Desmodium,strictum,N,Chocoloco WMA,0.17,0.17,4.66,6.04,Calhoun,Doby,Upland,Pine savannah,Alabama,
JRD523,2557,10533,0.33,-33.73,2.46,43.53,1,Fabales,Fabaceae,Desmodieae,Desmodium strictum,Desmodium,strictum,N,Chocoloco WMA,0.17,0.17,4.66,6.04,Calhoun,Doby,Upland,Pine savannah,Alabama,
JRD498,2103,12241,1.38,-33.82,1.96,44.74,1,Fabales,Fabaceae,Desmodieae,Desmodium sp.,Desmodium,sp.,n/a,Chocoloco WMA,0.46,0.24,6.21,4.64,Calhoun,Doby,CC forest,Closed canopy forest edge,Alabama,
JRD500,2198,11303,0.88,-34.15,2.13,43.14,1,Fabales,Fabaceae,Desmodieae,Desmodium sp.,Desmodium,sp.,n/a,Chocoloco WMA,0.46,0.24,6.21,4.64,Calhoun,Doby,CC forest,Closed canopy forest edge,Alabama,
JRD532,2220,10250,0.52,-36.08,2.33,40.78,1,Fabales,Fabaceae,Desmodieae,Desmodium sp.,Desmodium,sp.,n/a,MSU forest,0.23,0.26,3.09,3.82,Oktibbeha,Doby,CC forest,Closed canopy forest,Mississippi,
JRD643,1954,10880,-0.19,-32.74,2.02,43.09,1,Fabales,Fabaceae,Desmodieae,Desmodium sp.,Desmodium,sp.,n/a,Crystal River,0.54,1.03,10.73,23.54,Citrus,Doby,Mixed,Disturbed Mixed Pine/Hardwod,Florida,
JRD536,1264,10269,3.18,-31.38,1.19,41.68,0,Poales,Poaceae,n/a,Dichanthelium sp.,Dichanthelium,sp.,n/a,Disturbed,0.19,0.08,2.29,1.56,Oktibbeha,Doby,Disturbed,Disturbance area,Mississippi,
JRD518,1516,8758,2.21,-32.5,1.61,40.13,0,Poales,Poaceae,n/a,Dichanthelium sp.,Dichanthelium,sp.,n/a,Chocoloco WMA,0.17,0.17,4.66,6.04,Calhoun,Doby,Upland,Pine savannah,Alabama,
JRD598,1616,8605,0.78,-29.08,1.83,39.55,0,Poacles,Poaceae,n/a,Dichanthelium sp.,Dichanthelium,sp.,n/a,Citrus WMA,0.03,0.03,1.08,0.66,Citrus,Doby,Upland,Calcite Upland,Florida,
JRD-347,9803,13077,3.18,-30.57,4.2,40.94,0,Lamiales,Bignoniaceae,n/a,Dolichandra unguis-cati,Dolichandra,unguis-cati,E,Lake Alice,n/a,n/a,n/a,n/a,Alachua,Doby,Disturbed,Flooded forest,Florida,
JRD-337,8431,11155,-0.54,-33.53,3.54,45.95,1,Rosales,Elaeagnaceae,n/a,Elaeagnus pungens,Elaeagnus,pungens,E,Lake Alice,n/a,n/a,n/a,n/a,Alachua,Doby,Disturbed,Flooded forest,Florida,
JRD382,3826,6566,1.66,-29.71,1.68,42.98,0,Asterales,Asteraceae,n/a,Elephantopus elatus,Elephantopus,elatus,N,Prairie Creek Roadside,0.12,0.21,2.51,4.03,Alachua,Doby,Upland,Sandhill,Florida,
JRD468,2313,8747,0.31,-28.99,2.85,42.18,0,Asterales,Asteraceae,n/a,Elephantopus elatus,Elephantopus,elatus,N,Livingston Place,0.23,0.09,4.94,1.79,Jefferson,Doby,Upland,Sandhill,Florida,
JRD-345,9413,10911,0.35,-33.54,3.95,44.67,1,Fabales,Fabaceae,Phaseoleae,Erythrina herbacea,Erythrina,herbacea,N,Lake Alice,n/a,n/a,n/a,n/a,Alachua,Doby,Disturbed,Flooded forest,Florida,
Rosery Pea,2625,8922,-0.6,-26.51,2.96,45.2,1,Fabales,Fabaceae,Phaseoleae,Erythrina herbacea,Erythrina,herbacea,N,Fort Myers,n/a,n/a,n/a,n/a,Lee,Doby,Disturbed,Disturbed roadside,Florida,
JRD576,3540,11419,0.39,-29.53,3.46,44.19,1,Fabales,Fabaceae,Phaseoleae,Erythrina herbacea,Erythrina,herbacea,N,Anastasia State Park,0.01,0.01,0.21,0.11,St. Johns,Doby,Maritime,Ecotone Maritime Hammock to salt marsh,Florida,
JRD577,3200,10601,0.18,-29.76,3.32,44.58,1,Fabales,Fabaceae,Phaseoleae,Erythrina herbacea,Erythrina,herbacea,N,Anastasia State Park,0.01,0.01,0.21,0.11,St. Johns,Doby,Maritime,Ecotone Maritime Hammock to salt marsh,Florida,
JRD385,6012,5887,0.55,-29.95,2.66,40.12,1,Fabales,Fabaceae,Phaseoleae,Erythrina herbacea,Erythrina,herbacea,N,Prairie Creek Roadside,0.12,0.21,2.51,4.03,Alachua,Doby,Upland,Sandhill,Florida,
JRD395,9416,7201,0.33,-28.63,3.64,43.47,1,Fabales,Fabaceae,Phaseoleae,Erythrina herbacea,Erythrina,herbacea,N,Prairie Creek Roadside,0.12,0.21,2.51,4.03,Alachua,Doby,Upland,Sandhill,Florida,
JRD453,1710,4728,3.81,-33.03,1.83,53.52,0,Asterales,Asteraceae,n/a,Eupatorium capillifolium,Eupatorium,capillifolium,N,Austin Cary,0.03,0.03,0.68,1.01,Alachua,Doby,Upland,Sandhill,Florida,
JRD-346,4282,9156,-2.11,-14.49,1.89,39.76,0,Malpighiales,Euphorbiaceae,n/a,Euphorbia maculata,Euphorbia,maculata,N,NATL site 1,0.18,0.45,5.54,14.21,Alachua,Doby,Disturbed,Disturbed,Florida,cf.
JRD586,1300,11771,-0.88,-14.76,1.27,42.03,0,Poacles,Poaceae,n/a,Eustachys sp.,Eustachys,sp.,n/a,Anastasia State Park,0.11,0.33,7.03,5.41,St. Johns,Doby,Maritime,Maritime Hammock,Florida,
JRD604,809,8501,-4.04,-14.46,0.96,41.19,0,Poacles,Poaceae,n/a,Eustachys sp.,Eustachys,sp.,n/a,Citrus WMA,0.06,0.04,1.41,1.09,Citrus,Doby,Mixed,Calcite Mixed Pine/Hardwood,Florida,
JRD509,2817,12075,0.85,-34.24,3.09,43.58,1,Fabales,Fabaceae,Desmodieae,Fabaceae morph 1,Fabaceae,morph_1,n/a,Chocoloco WMA,0.16,0.18,7.37,4.23,Calhoun,Doby,Mixed,Mixed pine/hardwood,Alabama,
JRD510,4413,10892,-0.45,-33.84,4.45,45.82,1,Fabales,Fabaceae,Desmodieae,Fabaceae morph 1,Fabaceae,morph_1,n/a,Chocoloco WMA,0.16,0.18,7.37,4.23,Calhoun,Doby,Mixed,Mixed pine/hardwood,Alabama,
JRD515,1511,13552,1.78,-34.9,1.41,42.31,1,Fabales,Fabaceae,Desmodieae,Fabaceae morph 2,Fabaceae,morph_2,n/a,Chocoloco WMA,0.16,0.18,7.37,4.23,Calhoun,Doby,Mixed,Mixed pine/hardwood,Alabama,
JRD516,2014,9579,1.98,-34.95,2.12,43.86,1,Fabales,Fabaceae,Desmodieae,Fabaceae morph 2,Fabaceae,morph_2,n/a,Chocoloco WMA,0.16,0.18,7.37,4.23,Calhoun,Doby,Mixed,Mixed pine/hardwood,Alabama,
JRD524,2711,9961,1.57,-35.27,2.82,44.98,1,Fabales,Fabaceae,Desmodieae,Fabaceae morph 2,Fabaceae,morph_2,n/a,Chocoloco WMA,0.17,0.17,4.66,6.04,Calhoun,Doby,Upland,Pine savannah,Alabama,
JRD525(2),2843,11232,1.66,-33.79,2.63,44.52,1,Fabales,Fabaceae,n/a,Fabaceae morph 2,Fabaceae,morph_2,n/a,Chocoloco WMA,0.17,0.17,4.66,6.04,Calhoun,Doby,Upland,Pine savannah,Alabama,
JRD478,2542,9078,0.57,-31.57,2.91,40.62,1,Fabales,Fabaceae,n/a,Fabaceae tbd,Fabaceae,tbd,n/a,Livingston Place,0.23,0.09,4.94,1.79,Jefferson,Doby,Upland,Sandhill,Florida,
JRD479,3205,9501,0.53,-32.2,3.66,42.32,1,Fabales,Fabaceae,n/a,Fabaceae tbd,Fabaceae,tbd,n/a,Livingston Place,0.23,0.09,4.94,1.79,Jefferson,Doby,Upland,Sandhill,Florida,
JRD-323,6504,9905,-0.53,-32.94,2.7,40.62,1,Fabales,Fabaceae,Diocleae,Galactia regularis,Galactia,regularis,N,Prairie Creek Preserve,n/a,n/a,n/a,n/a,Alachua,Doby,Disturbed,Flooded ditch,Florida,
JRD-325,9500,10768,-0.75,-32.8,3.54,40.3,1,Fabales,Fabaceae,Diocleae,Galactia regularis,Galactia,regularis,N,Prairie Creek Preserve,n/a,n/a,n/a,n/a,Alachua,Doby,Disturbed,Flooded ditch,Florida,
N34-1,1869,12314,2.89,-32.1,1.65,41.79,1,Fabales,Fabaceae,Diocleae,Galactia volubilis,Galactia,volubilis,N,Roadside,0.28,0.26,3.68,3.38,Oktibbeha,Doby,Disturbed,Calcite disturbed,Mississippi,
N34-2,2226,15426,0.43,-30.75,1.94,42.24,1,Fabales,Fabaceae,Diocleae,Galactia volubilis,Galactia,volubilis,N,Roadside,0.28,0.26,3.68,3.38,Oktibbeha,Doby,Disturbed,Calcite disturbed,Mississippi,
JRD-312,7817,11600,-0.04,-32.28,3.1,46.01,1,Fabales,Fabaceae,Diocleae,Galactia elliottii,Galactia,elliottii,N,Austin Cary Forest,n/a,n/a,n/a,n/a,Alachua,Doby,Flatwoods,Flatwoods,Florida,
JRD589,5207,10413,-0.71,-32.09,5.18,42.31,1,Fabales,Fabaceae,Diocleae,Galactia sp.,Galactia,sp.,N,Anastasia State Park,0.11,0.33,7.03,5.41,St. Johns,Doby,Maritime,Maritime Hammock,Florida,
JRD590,5120,12174,-1.06,-30.72,4.31,42.28,1,Fabales,Fabaceae,Diocleae,Galactia sp.,Galactia,sp.,N,Anastasia State Park,0.11,0.33,7.03,5.41,St. Johns,Doby,Maritime,Maritime Hammock,Florida,
JRD633,2285,6669,0.01,-33.41,2.44,39.97,1,Fabales,Fabaceae,Diocleae,Galactia sp.,Galactia,sp.,N,Crystal River,0.54,1.03,10.73,23.54,Citrus,Doby,Mixed,Disturbed Mixed Pine/Hardwod,Florida,
JRD634,2733,10544,-1.42,-32.47,2.58,40.19,1,Fabales,Fabaceae,Diocleae,Galactia sp.,Galactia,sp.,N,Crystal River,0.54,1.03,10.73,23.54,Citrus,Doby,Mixed,Disturbed Mixed Pine/Hardwod,Florida,
JRD370,7212,5896,0.33,-29.4,3.27,42.64,1,Fabales,Fabaceae,Diocleae,Galactia regularis,Galactia,regularis,N,Prairie Creek Preserve,n/a,n/a,n/a,n/a,Alachua,Doby,Swamp,Seasonal floodplain,Florida,
JRD374,8533,6137,-1.18,-30.49,3.84,44.3,1,Fabales,Fabaceae,Diocleae,Galactia regularis,Galactia,regularis,N,Prairie Creek Preserve,n/a,n/a,n/a,n/a,Alachua,Doby,Swamp,Seasonal floodplain,Florida,
JRD390,9144,5928,-1.54,-31.08,4.09,41.63,1,Fabales,Fabaceae,Diocleae,Galactia regularis,Galactia,regularis,N,Prairie Creek Roadside,0.12,0.21,2.51,4.03,Alachua,Doby,Upland,Sandhill,Florida,
JRD394,6713,6683,-0.12,-31.44,2.88,44.42,1,Fabales,Fabaceae,Diocleae,Galactia regularis,Galactia,regularis,N,Prairie Creek Roadside,0.12,0.21,2.51,4.03,Alachua,Doby,Upland,Sandhill,Florida,
JRD459,2003,4799,-0.8,-29.17,2.2,42.32,1,Fabales,Fabaceae,Diocleae,Galactia regularis,Galactia,regularis,N,Austin Cary,0.03,0.03,0.68,1.01,Alachua,Doby,Upland,Sandhill,Florida,
JRD460,1651,3483,-0.14,-30.12,1.98,44.7,1,Fabales,Fabaceae,Diocleae,Galactia regularis,Galactia,regularis,N,Austin Cary,0.03,0.03,0.68,1.01,Alachua,Doby,Upland,Sandhill,Florida,
JRD529,2767,10728,0.7,-37.54,2.89,43.02,1,Fabales,Fabaceae,Desmodieae,Hylodesmum nudiflorum,Hylodesmum,nudiflorum,N,MSU forest,0.23,0.26,3.09,3.82,Oktibbeha,Doby,CC forest,Closed canopy forest,Mississippi,
JRD530,2905,12039,-0.44,-35.4,2.72,43.01,1,Fabales,Fabaceae,Desmodieae,Hylodesmum nudiflorum,Hylodesmum,nudiflorum,N,MSU forest,0.23,0.26,3.09,3.82,Oktibbeha,Doby,CC forest,Closed canopy forest,Mississippi,
N32-1,2325,9415,0.11,-35.96,2.67,41.71,1,Fabales,Fabaceae,Desmodieae,Hylodesmum glutinosum,Hylodesmum,glutinosum,N,MSU forest,0.23,0.26,3.09,3.82,Oktibbeha,Doby,CC forest,Closed canopy forest,Mississippi,
N32-2,2232,11326,1.24,-37.02,2.58,40.63,1,Fabales,Fabaceae,Desmodieae,Hylodesmum glutinosum,Hylodesmum,glutinosum,N,MSU forest,0.23,0.26,3.09,3.82,Oktibbeha,Doby,CC forest,Closed canopy forest,Mississippi,
JRD-334,13033,10369,0.1,-30.67,5.05,40.16,1,Fabales,Fabaceae,Indigofereae,Indigofera spicata,Indigofera,spicata,E,NATL site 1,0.18,0.45,5.54,14.21,Alachua,Doby,Disturbed,Disturbed,Florida,
JRD637,1863,9267,0.85,-31.86,1.89,38.71,1,Fabales,Fabaceae,Indigofereae,Indigofera hirsuta,Indigofera,hirsuta,E,Crystal River,0.54,1.03,10.73,23.54,Citrus,Doby,Mixed,Disturbed Mixed Pine/Hardwod,Florida,
JRD638,2061,10275,0.13,-32.26,1.93,38.89,1,Fabales,Fabaceae,Indigofereae,Indigofera hirsuta,Indigofera,hirsuta,E,Crystal River,0.54,1.03,10.73,23.54,Citrus,Doby,Mixed,Disturbed Mixed Pine/Hardwod,Florida,
JRD622b Juniperus,1386,11395,-1.63,-32.28,1.38,46.97,0,Cuprles,Cupressaceae,n/a,Juniperus virginiana,Juniperus,virginiana,N,Crystal River,0.21,0.25,4.73,5.01,Citrus,Doby,Disturbed,Disturbed Junk Hammock Edge,Florida,
JRD583,1762,10493,-2.05,-29.57,1.91,43.76,0,Cuprles,Cupressaceae,n/a,Juniperus virginiana,Juniperus,virginiana,N,Anastasia State Park,0.11,0.33,7.03,5.41,St. Johns,Doby,Maritime,Maritime Hammock,Florida,
JRD614,657,13079,-4.78,-29.67,0.63,46.84,0,Cuprles,Cupressaceae,n/a,Juniperus virginiana,Juniperus,virginiana,N,Crystal River,0.31,0.26,5.17,7.85,Citrus,Doby,Saltmarsh,Saltmarsh Ecotone,Florida,
JRD494,1994,9753,-0.25,-33.12,2.32,43.98,1,Fabales,Fabaceae,Desmodieae,Lespedeza cuneata,Lespedeza,cuneata,E,Chocoloco WMA,0.46,0.24,6.21,4.64,Calhoun,Doby,CC forest,Closed canopy forest edge,Alabama,
JRD495,2328,10830,-0.22,-35.01,2.33,42.6,1,Fabales,Fabaceae,Desmodieae,Lespedeza cuneata,Lespedeza,cuneata,E,Chocoloco WMA,0.46,0.24,6.21,4.64,Calhoun,Doby,CC forest,Closed canopy forest edge,Alabama,
JRD541,2264,11681,0.01,-31.56,2.56,46.44,1,Fabales,Fabaceae,Desmodieae,Lespedeza cuneata,Lespedeza,cuneata,E,Disturbed,0.19,0.08,2.29,1.56,Oktibbeha,Doby,Disturbed,Disturbance area,Mississippi,
JRD565,1669,10775,-0.79,-30.3,1.73,43.24,1,Fabales,Fabaceae,Desmodieae,Lespedeza cuneata,Lespedeza,cuneata,E,Prairie,0.04,0.1,9.7,8.09,Oktibbeha,Doby,Prairie,Calcite prairie,Mississippi,
JRD486,1953,11129,1.05,-30.84,2.02,45.12,1,Fabales,Fabaceae,Desmodieae,Lespedeza sp.,Lespedeza,sp.,N,Livingston Place,0.23,0.09,4.94,1.79,Jefferson,Doby,Upland,Sandhill,Florida,
JRD487,1786,10312,1.1,-31.42,1.98,44.8,1,Fabales,Fabaceae,Desmodieae,Lespedeza sp.,Lespedeza,sp.,N,Livingston Place,0.23,0.09,4.94,1.79,Jefferson,Doby,Upland,Sandhill,Florida,
JRD406,5066,7070,-1.75,-29.98,2.2,48.05,1,Fabales,Fabaceae,Desmodieae,Lespedeza sp.,Lespedeza,sp.,n/a,San Felasco,0.04,0.08,1.1,2.19,Alachua,Doby,Upland,Sandhill,Florida,
JRD461,972,4403,-0.86,-29.55,1,48.28,1,Fabales,Fabaceae,Desmodieae,Lespedeza sp.,Lespedeza,sp.,n/a,Austin Cary,0.03,0.03,0.68,1.01,Alachua,Doby,Upland,Sandhill,Florida,
JRD462,1204,3631,0.44,-30.71,1.48,47.96,1,Fabales,Fabaceae,Desmodieae,Lespedeza sp.,Lespedeza,sp.,n/a,Austin Cary,0.03,0.03,0.68,1.01,Alachua,Doby,Upland,Sandhill,Florida,
JRD-327,3286,15703,2.96,-30.14,1.34,45.97,0,Saxifragales,Altingiaceae,n/a,Liquidambar styraciflua,Liquidambar,styraciflua,N,Prairie Creek Preserve,n/a,n/a,n/a,n/a,Alachua,Doby,Disturbed,Flooded ditch,Florida,
JRD555,3112,10366,-0.24,-31.87,3.26,42,1,Fabales,Fabaceae,Trifolieae,Medicago lupulina,Medicago,lupulina,E,Roadside,0.28,0.26,3.68,3.38,Oktibbeha,Doby,Disturbed,Calcite disturbed,Mississippi,
JRD561,2495,9494,0.38,-29.84,2.48,37.04,1,Fabales,Fabaceae,Trifolieae,Melilotus albus,Melilotus,albus,E,Prairie,0.04,0.1,9.7,8.09,Oktibbeha,Doby,Prairie,Calcite prairie,Mississippi,
JRD562,4287,10440,0.11,-28.78,4.29,40.58,1,Fabales,Fabaceae,Trifolieae,Melilotus albus,Melilotus,albus,E,Prairie,0.04,0.1,9.7,8.09,Oktibbeha,Doby,Prairie,Calcite prairie,Mississippi,
GUR-MIS,7196,11074,-0.01,-31.07,3.04,45.12,1,Fabales,Fabaceae,Mimoseae,Mimosa pudica,Mimosa,pudica,E,Gainesville,n/a,n/a,n/a,n/a,Alachua,Guralnick,Disturbed,Disturbed,Florida,
JRD386,13654,7347,0.23,-32.29,5.67,47.96,1,Fabales,Fabaceae,Mimoseae,Mimosa sp.,Mimosa,sp.,N,Prairie Creek Roadside,0.12,0.21,2.51,4.03,Alachua,Doby,Upland,Sandhill,Florida,
JRD396,7292,5863,0.72,-32.33,3.32,41.37,1,Fabales,Fabaceae,Mimoseae,Mimosa sp.,Mimosa,sp.,N,Prairie Creek Roadside,0.12,0.21,2.51,4.03,Alachua,Doby,Upland,Sandhill,Florida,
JRD409,9289,6393,-0.01,-30.63,4.06,44.03,1,Fabales,Fabaceae,Mimoseae,Mimosa sp.,Mimosa,sp.,N,San Felasco,0.04,0.08,1.1,2.19,Alachua,Doby,Upland,Sandhill,Florida,
JRD410,11374,6176,0.4,-31.88,4.84,41.23,1,Fabales,Fabaceae,Mimoseae,Mimosa sp.,Mimosa,sp.,N,San Felasco,0.04,0.08,1.1,2.19,Alachua,Doby,Upland,Sandhill,Florida,
JRD-324,3942,11480,0.1,-33.69,1.66,48.03,1,Fagales,Myricaceae,n/a,Morella cerifera,Morella,cerifera,N,Prairie Creek Preserve,n/a,n/a,n/a,n/a,Alachua,Doby,Disturbed,Flooded ditch,Florida,
JRD-317,3277,12273,-0.3,-31.21,1.33,48.49,1,Fagales,Myricaceae,n/a,Morella pumila,Morella,pumila,N,Austin Cary Forest,n/a,n/a,n/a,n/a,Alachua,Doby,Flatwoods,Flatwoods,Florida,
JRD416,1573,4046,3.37,-32.51,1.75,47.54,1,Fagales,Myricaceae,n/a,Morella sp.,Morella,sp.,N,Austin Cary,0.12,0.1,3.26,3.13,Alachua,Doby,Flatwoods,Flatwoods,Florida,
JRD417,1529,4035,2.32,-32.66,1.67,45.73,1,Fagales,Myricaceae,n/a,Morella sp.,Morella,sp.,N,Austin Cary,0.12,0.1,3.26,3.13,Alachua,Doby,Flatwoods,Flatwoods,Florida,
JRD587,2114,14734,1.73,-34.26,1.7,45.96,1,Fagales,Myricaceae,n/a,Morella sp.,Morella,sp.,N,Anastasia State Park,0.11,0.33,7.03,5.41,St. Johns,Doby,Maritime,Maritime Hammock,Florida,
JRD588,2420,10363,-0.14,-34.75,2.03,46.28,1,Fagales,Myricaceae,n/a,Morella sp.,Morella,sp.,N,Anastasia State Park,0.11,0.33,7.03,5.41,St. Johns,Doby,Maritime,Maritime Hammock,Florida,
JRD608,1623,11455,-1.2,-31.22,1.74,47.98,1,Fagales,Myricaceae,n/a,Morella sp.,Morella,sp.,N,Citrus WMA,0.06,0.04,1.41,1.09,Citrus,Doby,Mixed,Calcite Mixed Pine/Hardwood,Florida,
JRD609,1810,13610,-1.94,-31.18,1.66,48.24,1,Fagales,Myricaceae,n/a,Morella sp.,Morella,sp.,N,Citrus WMA,0.06,0.04,1.41,1.09,Citrus,Doby,Mixed,Calcite Mixed Pine/Hardwood,Florida,
JRD375,2776,6573,-0.04,-30.42,1.33,47.78,1,Fagales,Myricaceae,n/a,Morella cerifera,Morella,cerifera,N,Prairie Creek Preserve,n/a,n/a,n/a,n/a,Alachua,Doby,Swamp,Seasonal floodplain,Florida,
JRD623,1366,9320,7.52,-14.06,1.37,38.83,0,Poacles,Poaceae,n/a,Paspalum sp.,Paspalum,sp.,E,Crystal River,0.21,0.25,4.73,5.01,Citrus,Doby,Disturbed,Disturbed Junk Hammock Edge,Florida,
JRD430,1420,4016,-0.03,-12.91,1.42,42.2,0,Poales,Poaceae,n/a,Paspalum notatum,Paspalum,notatum,E,Austin Cary,0.03,0.13,0.74,2.97,Alachua,Doby,Mixed,Mixed Hardwood,Florida,
JRD469,824,9060,6.32,-13.2,1.01,41.47,0,Poales,Poaceae,n/a,Paspalum notatum,Paspalum,notatum,E,Livingston Place,0.23,0.09,4.94,1.79,Jefferson,Doby,Upland,Sandhill,Florida,
JRD492,1040,10584,-0.43,-34.29,1.19,47.33,0,Pinales,Pinaceae,n/a,Pinus sp.,Pinus,sp.,N,Chocoloco WMA,0.46,0.24,6.21,4.64,Calhoun,Doby,CC forest,Closed canopy forest edge,Alabama,
JRD411,680,3712,11.88,-31.39,0.81,48.68,0,Pinales,Pinaceae,n/a,Pinus elliotii,Pinus,elliotii,N,Austin Cary,0.12,0.1,3.26,3.13,Alachua,Doby,Flatwoods,Flatwoods,Florida,
JRD431,963,5117,0.12,-31.71,0.85,47.13,0,Pinales,Pinaceae,n/a,Pinus palustris,Pinus,palustris,N,Austin Cary,0.03,0.13,0.74,2.97,Alachua,Doby,Mixed,Mixed Hardwood,Florida,
JRD603,886,11172,-3.77,-32.68,0.95,46.27,0,Pinales,Pinaceae,n/a,Pinus taeda,Pinus,taeda,N,Citrus WMA,0.06,0.04,1.41,1.09,Citrus,Doby,Mixed,Calcite Mixed Pine/Hardwood,Florida,
JRD369,2682,6807,4.41,-29.35,1.18,46.59,0,Pinales,Pinaceae,n/a,Pinus sp.,Pinus,sp.,N,Prairie Creek Preserve,n/a,n/a,n/a,n/a,Alachua,Doby,Swamp,Seasonal floodplain,Florida,
JRD467,1370,12566,4.03,-32.6,1.38,47.79,0,Pinales,Pinaceae,n/a,Pinus taeda,Pinus,taeda,N,Livingston Place,0.23,0.09,4.94,1.79,Jefferson,Doby,Upland,Sandhill,Florida,
JRD594,459,10405,-2.5,-30.42,0.53,46.83,0,Pinales,Pinaceae,n/a,Pinus palustris,Pinus,palustris,N,Citrus WMA,0.03,0.03,1.08,0.66,Citrus,Doby,Upland,Calcite Upland,Florida,
JRD-320,1567,10748,-0.68,-32.35,0.65,41.5,0,Asterales,Asteraceae,n/a,Pityopsis graminifolia,Pityopsis,graminifolia,N,Austin Cary Forest,n/a,n/a,n/a,n/a,Alachua,Doby,Flatwoods,Flatwoods,Florida,
JRD407,2867,6983,2.75,-32.77,1.19,42.94,0,Asterales,Asteraceae,n/a,Pityopsis graminifolia,Pityopsis,graminifolia,N,San Felasco,0.04,0.08,1.1,2.19,Alachua,Doby,Upland,Sandhill,Florida,
JRD599,1327,12273,-1.16,-32.42,1.26,45.09,0,Asterales,Asteraceae,n/a,Pityopsis graminifolia,Pityopsis,graminifolia,N,Citrus WMA,0.03,0.03,1.08,0.66,Citrus,Doby,Upland,Calcite Upland,Florida,
JRD-350,3454,11334,0.17,-29.3,1.38,42.4,0,Polypodiales,Polypodiaceae,n/a,Pleopeltis michauxiana,Pleopeltis,michauxiana,N,NATL site 1,0.18,0.45,5.54,14.21,Alachua,Doby,Disturbed,Disturbed,Florida,
JRD418,1447,4405,3.77,-32.03,1.46,46.31,0,Asterales,Asteraceae,n/a,Pluchea sp.,Pluchea,sp.,N,Austin Cary,0.12,0.1,3.26,3.13,Alachua,Doby,Flatwoods,Flatwoods,Florida,
JRD616,985,11542,6.46,-12.18,0.89,41.17,0,Poacles,Poaceae,n/a,Poaceae sp.,Poaceae,sp.,n/a,Crystal River,0.31,0.26,5.17,7.85,Citrus,Doby,Saltmarsh,Saltmarsh Ecotone,Florida,
JRD491,2369,12387,-2.68,-14.85,2.12,43.23,0,Poales,Poaceae,n/a,Poaceae sp.,Poaceae,sp.,n/a,Chocoloco WMA,0.46,0.24,6.21,4.64,Calhoun,Doby,CC forest,Closed canopy forest edge,Alabama,
JRD550,1245,10024,0.73,-13.65,1.19,36.16,0,Poales,Poaceae,n/a,Poaceae sp.,Poaceae,sp.,n/a,Roadside,0.28,0.26,3.68,3.38,Oktibbeha,Doby,Disturbed,Calcite disturbed,Mississippi,
JRD503,1631,8355,-0.54,-31.79,1.92,38.1,0,Poales,Poaceae,n/a,Poaceae sp.,Poaceae,sp.,n/a,Chocoloco WMA,0.16,0.18,7.37,4.23,Calhoun,Doby,Mixed,Mixed pine/hardwood,Alabama,
JRD629,1661,10426,0.67,-13.91,1.62,43.27,0,Poacles,Poaceae,n/a,Poaceae sp.,Poaceae,sp.,n/a,Crystal River,0.54,1.03,10.73,23.54,Citrus,Doby,Mixed,Disturbed Mixed Pine/Hardwod,Florida,
JRD559,1043,11285,-1.14,-13.42,1.01,41.28,0,Poales,Poaceae,n/a,Poaceae sp.,Poaceae,sp.,n/a,Prairie,0.04,0.1,9.7,8.09,Oktibbeha,Doby,Prairie,Calcite prairie,Mississippi,
JRD378,3828,8105,1.82,-13.65,1.76,42.95,0,Poales,Poaceae,n/a,Poaceae sp.,Poaceae,sp.,n/a,Prairie Creek Preserve,n/a,n/a,n/a,n/a,Alachua,Doby,Swamp,Seasonal floodplain,Florida,
JRD384,4266,6443,3.72,-28.37,1.84,42.72,0,Poales,Poaceae,n/a,Poaceae sp.,Poaceae,sp.,n/a,Prairie Creek Roadside,0.12,0.21,2.51,4.03,Alachua,Doby,Upland,Sandhill,Florida,
JRD408,2138,6511,2.71,-13.93,0.95,43.52,0,Poales,Poaceae,n/a,Poaceae sp.,Poaceae,sp.,n/a,San Felasco,0.04,0.08,1.1,2.19,Alachua,Doby,Upland,Sandhill,Florida,
JRD-314,3216,9080,-1.23,-32.19,1.39,38.68,0,Fabales,Polygaceae,n/a,Polygala lutea,Polygala,lutea,N,Austin Cary Forest,n/a,n/a,n/a,n/a,Alachua,Doby,Flatwoods,Flatwoods,Florida,
JRD-319,3501,11884,2.69,-31.03,1.45,47.09,0,Asterales,Asteraceae,n/a,Pseudognaphalium obtusifolium,Pseudognaphalium,obtusifolium,N,Austin Cary Forest,n/a,n/a,n/a,n/a,Alachua,Doby,Flatwoods,Flatwoods,Florida,
JRD493,1415,12145,4.26,-31.73,1.39,46.19,0,Fagales,Fagaceae,n/a,Quercus sp.,Quercus,sp.,N,Chocoloco WMA,0.46,0.24,6.21,4.64,Calhoun,Doby,CC forest,Closed canopy forest edge,Alabama,
JRD527,2100,12401,3.12,-35.79,1.92,44.24,0,Fagales,Fagaceae,n/a,Quercus sp.,Quercus,sp.,N,MSU forest,0.23,0.26,3.09,3.82,Oktibbeha,Doby,CC forest,Closed canopy forest,Mississippi,
JRD528,1923,12172,1.03,-32.85,1.7,42.23,0,Fagales,Fagaceae,n/a,Quercus sp.,Quercus,sp.,N,MSU forest,0.23,0.26,3.09,3.82,Oktibbeha,Doby,CC forest,Closed canopy forest,Mississippi,
JRD-326,4022,11235,-0.58,-30.68,1.72,47.09,0,Fagales,Fagaceae,n/a,Quercus hemispherica,Quercus,hemispherica,N,Prairie Creek Preserve,n/a,n/a,n/a,n/a,Alachua,Doby,Disturbed,Flooded ditch,Florida,
JRD534,2113,14964,1.36,-31.3,1.85,44.95,0,Fagales,Fagaceae,n/a,Quercus sp.,Quercus,sp.,N,Disturbed,0.19,0.08,2.29,1.56,Oktibbeha,Doby,Disturbed,Disturbance area,Mississippi,
JRD535,1215,11128,2.82,-30.56,1.36,45.32,0,Fagales,Fagaceae,n/a,Quercus sp.,Quercus,sp.,N,Disturbed,0.19,0.08,2.29,1.56,Oktibbeha,Doby,Disturbed,Disturbance area,Mississippi,
JRD627,1804,10154,-1.39,-32.52,1.97,46.64,0,Fagales,Fagaceae,n/a,Quercus nigra,Quercus,nigra,N,Crystal River,0.21,0.25,4.73,5.01,Citrus,Doby,Disturbed,Disturbed Junk Hammock Edge,Florida,
JRD628,1366,10066,0.63,-33.05,1.55,47.33,0,Fagales,Fagaceae,n/a,Quercus sp.,Quercus,sp.,N,Crystal River,0.21,0.25,4.73,5.01,Citrus,Doby,Disturbed,Disturbed Junk Hammock Edge,Florida,
JRD412,1252,4763,7.87,-29.89,1.16,46.7,0,Fagales,Fagaceae,n/a,Quercus sp.,Quercus,sp.,N,Austin Cary,0.12,0.1,3.26,3.13,Alachua,Doby,Flatwoods,Flatwoods,Florida,
JRD571,1437,8079,-1.21,-30.44,1.56,47.23,0,Fagales,Fagaceae,n/a,Quercus virginiana,Quercus,virginiana,N,Anastasia State Park,0.01,0.01,0.21,0.11,St. Johns,Doby,Maritime,Ecotone Maritime Hammock to salt marsh,Florida,
JRD572,1604,10321,2.92,-30.84,1.35,45.93,0,Fagales,Fagaceae,n/a,Quercus sp.,Quercus,sp.,N,Anastasia State Park,0.01,0.01,0.21,0.11,St. Johns,Doby,Maritime,Ecotone Maritime Hammock to salt marsh,Florida,
JRD584,1682,11532,1.45,-33.19,1.61,44.89,0,Fagales,Fagaceae,n/a,Quercus sp.,Quercus,sp.,N,Anastasia State Park,0.11,0.33,7.03,5.41,St. Johns,Doby,Maritime,Maritime Hammock,Florida,
JRD593,1276,10737,-1.99,-31.02,1.42,44.88,0,Fagales,Fagaceae,n/a,Quercus sp.,Quercus,sp.,N,Anastasia State Park,0.11,0.33,7.03,5.41,St. Johns,Doby,Maritime,Maritime Hammock,Florida,
JRD432,1736,4401,-1.79,-30.99,1.76,47.48,0,Fagales,Fagaceae,n/a,Quercus hemispherica,Quercus,hemispherica,N,Austin Cary,0.03,0.13,0.74,2.97,Alachua,Doby,Mixed,Mixed Hardwood,Florida,
JRD433,1647,4645,-0.09,-31.11,1.58,46.34,0,Fagales,Fagaceae,n/a,Quercus virginiana,Quercus,virginiana,N,Austin Cary,0.03,0.13,0.74,2.97,Alachua,Doby,Mixed,Mixed Hardwood,Florida,
JRD504,1401,9745,12.58,-32.37,1.51,40.4,0,Fagales,Fagaceae,n/a,Quercus sp.,Quercus,sp.,N,Chocoloco WMA,0.16,0.18,7.37,4.23,Calhoun,Doby,Mixed,Mixed pine/hardwood,Alabama,
JRD505,1683,11964,11.72,-33.13,1.61,44.18,0,Fagales,Fagaceae,n/a,Quercus sp.,Quercus,sp.,N,Chocoloco WMA,0.16,0.18,7.37,4.23,Calhoun,Doby,Mixed,Mixed pine/hardwood,Alabama,
JRD605,1737,12067,-1.92,-31.85,1.71,45,0,Fagales,Fagaceae,n/a,Quercus sp.,Quercus,sp.,N,Citrus WMA,0.06,0.04,1.41,1.09,Citrus,Doby,Mixed,Calcite Mixed Pine/Hardwood,Florida,
JRD606,1813,12934,-3.21,-30,1.68,46.28,0,Fagales,Fagaceae,n/a,Quercus sp.,Quercus,sp.,N,Citrus WMA,0.06,0.04,1.41,1.09,Citrus,Doby,Mixed,Calcite Mixed Pine/Hardwood,Florida,
JRD631,1633,11596,0.53,-32.46,1.58,46.22,0,Fagales,Fagaceae,n/a,Quercus sp.,Quercus,sp.,N,Crystal River,0.54,1.03,10.73,23.54,Citrus,Doby,Mixed,Disturbed Mixed Pine/Hardwod,Florida,
JRD632,1434,11399,-0.72,-29.86,1.54,46.26,0,Fagales,Fagaceae,n/a,Quercus sp.,Quercus,sp.,N,Crystal River,0.54,1.03,10.73,23.54,Citrus,Doby,Mixed,Disturbed Mixed Pine/Hardwod,Florida,
JRD376,3937,6923,1.31,-29.05,1.69,45.81,0,Fagales,Fagaceae,n/a,Quercus sp.,Quercus,sp.,N,Prairie Creek Preserve,n/a,n/a,n/a,n/a,Alachua,Doby,Swamp,Seasonal floodplain,Florida,
JRD377,3367,6927,3.34,-31.66,1.44,45.1,0,Fagales,Fagaceae,n/a,Quercus sp.,Quercus,sp.,N,Prairie Creek Preserve,n/a,n/a,n/a,n/a,Alachua,Doby,Swamp,Seasonal floodplain,Florida,
JRD380,3950,6965,5.72,-30.64,1.78,47.12,0,Fagales,Fagaceae,n/a,Quercus hemispherica,Quercus,hemispherica,N,Prairie Creek Preserve,n/a,n/a,n/a,n/a,Alachua,Doby,Swamp,Seasonal floodplain,Florida,
JRD381,3033,6507,1.57,-31.41,1.38,44.62,0,Fagales,Fagaceae,n/a,Quercus minima,Quercus,minima,N,Prairie Creek Roadside,0.12,0.21,2.51,4.03,Alachua,Doby,Upland,Sandhill,Florida,
JRD398,4149,9624,4.28,-30.52,1.75,46.8,0,Fagales,Fagaceae,n/a,Quercus falcata,Quercus,falcata,N,San Felasco,0.04,0.08,1.1,2.19,Alachua,Doby,Upland,Sandhill,Florida,
JRD399,3784,7231,-2.62,-31.49,1.6,47.23,0,Fagales,Fagaceae,n/a,Quercus hemispherica,Quercus,hemispherica,N,San Felasco,0.04,0.08,1.1,2.19,Alachua,Doby,Upland,Sandhill,Florida,
JRD451,1468,4845,8.1,-31.85,1.38,47.18,0,Fagales,Fagaceae,n/a,Quercus falcata,Quercus,falcata,N,Austin Cary,0.03,0.03,0.68,1.01,Alachua,Doby,Upland,Sandhill,Florida,
JRD465,1759,13894,5.68,-27.86,1.51,45.94,0,Fagales,Fagaceae,n/a,Quercus sp.,Quercus,sp.,N,Livingston Place,0.23,0.09,4.94,1.79,Jefferson,Doby,Upland,Sandhill,Florida,
JRD466,1571,10103,5.73,-30.46,1.84,45.55,0,Fagales,Fagaceae,n/a,Quercus sp.,Quercus,sp.,N,Livingston Place,0.23,0.09,4.94,1.79,Jefferson,Doby,Upland,Sandhill,Florida,
JRD517,1355,9732,8.97,-30.45,1.41,43.78,0,Fagales,Fagaceae,n/a,Quercus sp.,Quercus,sp.,N,Chocoloco WMA,0.17,0.17,4.66,6.04,Calhoun,Doby,Upland,Pine savannah,Alabama,
JRD595,799,9859,-1.87,-30.17,0.94,45.9,0,Fagales,Fagaceae,n/a,Quercus virginiana,Quercus,virginiana,N,Citrus WMA,0.03,0.03,1.08,0.66,Citrus,Doby,Upland,Calcite Upland,Florida,
JRD596,997,16962,-1.9,-29.85,0.9,45.95,0,Fagales,Fagaceae,n/a,Quercus laevis,Quercus,laevis,N,Citrus WMA,0.03,0.03,1.08,0.66,Citrus,Doby,Upland,Calcite Upland,Florida,
JRD452,1272,3615,1.38,-30.71,1.57,46.7,0,Fagales,Fagaceae,n/a,Quercus margaretta,Quercus,margaretta,N,Austin Cary,0.03,0.03,0.68,1.01,Alachua,Doby,Upland,Sandhill,Florida,
JRD610,1284,8886,-2.85,-34.55,1.5,43.45,1,Fabales,Fabaceae,Phaseoleae,Rhynchosia sp.,Rhynchosia,sp.,N,Citrus WMA,0.06,0.04,1.41,1.09,Citrus,Doby,Mixed,Calcite Mixed Pine/Hardwood,Florida,
JRD611,2080,9981,-1.7,-34.42,2.2,43.6,1,Fabales,Fabaceae,Phaseoleae,Rhynchosia sp.,Rhynchosia,sp.,N,Citrus WMA,0.06,0.04,1.41,1.09,Citrus,Doby,Mixed,Calcite Mixed Pine/Hardwood,Florida,
JRD400,5993,6798,0.05,-31.41,2.55,44.97,1,Fabales,Fabaceae,Diocleae,Rhynchosia sp.,Rhynchosia,sp.,N,San Felasco,0.04,0.08,1.1,2.19,Alachua,Doby,Upland,Sandhill,Florida,
JRD401,5806,6591,-0.49,-28.95,2.49,44.04,1,Fabales,Fabaceae,Diocleae,Rhynchosia sp.,Rhynchosia,sp.,N,San Felasco,0.04,0.08,1.1,2.19,Alachua,Doby,Upland,Sandhill,Florida,
JRD463,2780,4665,2.4,-29.55,2.46,44,1,Fabales,Fabaceae,Phaseoleae,Rhynchosia sp.,Rhynchosia,sp.,N,Austin Cary,0.03,0.03,0.68,1.01,Alachua,Doby,Upland,Sandhill,Florida,
JRD464,2298,3814,1.88,-30.3,2.53,45.26,1,Fabales,Fabaceae,Phaseoleae,Rhynchosia sp.,Rhynchosia,sp.,N,Austin Cary,0.03,0.03,0.68,1.01,Alachua,Doby,Upland,Sandhill,Florida,
JRD546,1514,11121,7.79,-32.4,1.44,44.9,0,Rosales,Rosaceae,n/a,Rubus sp.,Rubus,sp.,n/a,Disturbed,0.19,0.08,2.29,1.56,Oktibbeha,Doby,Disturbed,Disturbance area,Mississippi,
JRD556,2224,13655,4.03,-31.24,1.84,43.85,0,Rosales,Rosaceae,n/a,Rubus sp.,Rubus,sp.,n/a,Roadside,0.28,0.26,3.68,3.38,Oktibbeha,Doby,Disturbed,Calcite disturbed,Mississippi,
JRD-318,2568,11402,-1.45,-32.62,1.04,45.49,0,Rosales,Rosaceae,n/a,Rubus cuneifolius,Rubus,cuneifolius,N,Austin Cary Forest,n/a,n/a,n/a,n/a,Alachua,Doby,Flatwoods,Flatwoods,Florida,
JRD414,1695,4482,3.79,-30.99,1.56,43.83,0,Rosales,Rosaceae,n/a,Rubus cuneifolius,Rubus,cuneifolius,N,Austin Cary,0.12,0.1,3.26,3.13,Alachua,Doby,Flatwoods,Flatwoods,Florida,
JRD415,1622,3709,0.72,-31.69,1.78,44.39,0,Rosales,Rosaceae,n/a,Rubus cuneifolius,Rubus,cuneifolius,N,Austin Cary,0.12,0.1,3.26,3.13,Alachua,Doby,Flatwoods,Flatwoods,Florida,
JRD373,4215,6544,1.36,-29.27,1.9,45.87,0,Rosales,Rosaceae,n/a,Rubus cuneifolius,Rubus,cuneifolius,N,Prairie Creek Preserve,n/a,n/a,n/a,n/a,Alachua,Doby,Swamp,Seasonal floodplain,Florida,
JRD383,4423,6955,6.3,-31.5,1.86,44.29,0,Rosales,Rosaceae,n/a,Rubus cuneifolius,Rubus,cuneifolius,N,Prairie Creek Roadside,0.12,0.21,2.51,4.03,Alachua,Doby,Upland,Sandhill,Florida,
JRD455,1239,4019,0,-30.27,1.32,45.05,0,Rosales,Rosaceae,n/a,Rubus cuneifolius,Rubus,cuneifolius,N,Austin Cary,0.03,0.03,0.68,1.01,Alachua,Doby,Upland,Sandhill,Florida,
JRD456,1096,4384,1.29,-31.01,1.05,43.98,0,Rosales,Rosaceae,n/a,Rubus cuneifolius,Rubus,cuneifolius,N,Austin Cary,0.03,0.03,0.68,1.01,Alachua,Doby,Upland,Sandhill,Florida,
JRD470,1013,9672,-0.96,-30.16,1.05,37.78,0,Rosales,Rosaceae,n/a,Rubus cuneifolius,Rubus,cuneifolius,N,Livingston Place,0.23,0.09,4.94,1.79,Jefferson,Doby,Upland,Sandhill,Florida,
JRD471,1173,10477,3.18,-30.72,1.34,46.29,0,Rosales,Rosaceae,n/a,Rubus cuneifolius,Rubus,cuneifolius,N,Livingston Place,0.23,0.09,4.94,1.79,Jefferson,Doby,Upland,Sandhill,Florida,
JRD622a Sesbania,2366,8988,-1.82,-31.29,2.76,44.49,1,Fabales,Fabaceae,Sesbanieae,Sesbania sp.,Sesbania,sp.,N,Crystal River,0.31,0.26,5.17,7.85,Citrus,Doby,Saltmarsh,Saltmarsh Ecotone,Florida,
JRD388,10609,7500,-0.26,-30.67,4.2,46.51,1,Fabales,Fabaceae,Sesbanieae,Sesbania sp.,Sesbania,sp.,N,Prairie Creek Roadside,0.12,0.21,2.51,4.03,Alachua,Doby,Upland,Sandhill,Florida,
JRD389,8572,7019,-0.27,-31.01,3.59,45.98,1,Fabales,Fabaceae,Sesbanieae,Sesbania sp.,Sesbania,sp.,N,Prairie Creek Roadside,0.12,0.21,2.51,4.03,Alachua,Doby,Upland,Sandhill,Florida,
JRD615,1158,11435,1.69,-12.2,1.04,41.45,0,Poales,Poaceae,n/a,Setaria sp.,Setaria,sp.,n/a,Crystal River,0.31,0.26,5.17,7.85,Citrus,Doby,Saltmarsh,Saltmarsh Ecotone,Florida,
JRD490,2832,9005,-3.42,-34.8,3.27,41.47,0,Asterales,Asteraceae,n/a,Smallanthus uvedalia,Smallanthus,uvedalia,N,Chocoloco WMA,0.46,0.24,6.21,4.64,Calhoun,Doby,CC forest,Closed canopy forest edge,Alabama,
JRD537,1747,7850,-1.57,-31.55,2.09,42.83,1,Fabales,Fabaceae,Phaseoleae,Strophostyles helvola,Strophostyles,helvola,N,Disturbed,0.19,0.08,2.29,1.56,Oktibbeha,Doby,Disturbed,Disturbance area,Mississippi,
JRD538,2524,8595,-2.41,-34.67,2.77,42.15,1,Fabales,Fabaceae,Phaseoleae,Strophostyles helvola,Strophostyles,helvola,N,Disturbed,0.19,0.08,2.29,1.56,Oktibbeha,Doby,Disturbed,Disturbance area,Mississippi,
JRD574,4435,12136,-1.64,-27.59,3.99,42.48,1,Fabales,Fabaceae,Phaseoleae,Strophostyles sp.,Strophostyles,sp.,N,Anastasia State Park,0.01,0.01,0.21,0.11,St. Johns,Doby,Maritime,Ecotone Maritime Hammock to salt marsh,Florida,
JRD575,3161,7739,-1.52,-27.56,3.28,44.44,1,Fabales,Fabaceae,Phaseoleae,Strophostyles sp.,Strophostyles,sp.,N,Anastasia State Park,0.01,0.01,0.21,0.11,St. Johns,Doby,Maritime,Ecotone Maritime Hammock to salt marsh,Florida,
JRD591,4020,9345,-0.71,-31.57,3.2,40.49,1,Fabales,Fabaceae,Phaseoleae,Strophostyles sp.,Strophostyles,sp.,N,Anastasia State Park,0.11,0.33,7.03,5.41,St. Johns,Doby,Maritime,Maritime Hammock,Florida,
JRD592,3332,8454,-1.55,-30.52,2.79,40.78,1,Fabales,Fabaceae,Phaseoleae,Strophostyles sp.,Strophostyles,sp.,N,Anastasia State Park,0.11,0.33,7.03,5.41,St. Johns,Doby,Maritime,Maritime Hammock,Florida,
JRD-316,8114,9716,-1.25,-32.88,3.5,42.57,1,Fabales,Fabaceae,Millettieae,Tephrosia florida,Tephrosia,florida,N,Austin Cary Forest,n/a,n/a,n/a,n/a,Alachua,Doby,Flatwoods,Flatwoods,Florida,
JRD402,6177,6615,0.46,-28.47,2.7,45.15,1,Fabales,Fabaceae,Millettieae,Tephrosia sp.,Tephrosia,sp.,N,San Felasco,0.04,0.08,1.1,2.19,Alachua,Doby,Upland,Sandhill,Florida,
JRD483,2950,13779,1.03,-28.97,2.41,44.56,1,Fabales,Fabaceae,Millettieae,Tephrosia sp.,Tephrosia,sp.,N,Livingston Place,0.23,0.09,4.94,1.79,Jefferson,Doby,Upland,Sandhill,Florida,
JRD484,2671,13235,0.43,-29.25,2.25,43.97,1,Fabales,Fabaceae,Millettieae,Tephrosia sp.,Tephrosia,sp.,N,Livingston Place,0.23,0.09,4.94,1.79,Jefferson,Doby,Upland,Sandhill,Florida,
JRD-336,8556,11055,-1.53,-31.58,3.39,41.91,1,Fabales,Fabaceae,Trifolieae,Trifolium repens,Trifolium,repens,E,NATL site 1,0.18,0.45,5.54,14.21,Alachua,Doby,Disturbed,Disturbed,Florida,
JRD539,4066,11345,0.19,-33.79,3.72,45.87,1,Fabales,Fabaceae,Trifolieae,Trifolium pratense,Trifolium,pratense,E,Disturbed,0.19,0.08,2.29,1.56,Oktibbeha,Doby,Disturbed,Disturbance area,Mississippi,
JRD540,4124,9778,0.65,-33.09,4.35,45.77,1,Fabales,Fabaceae,Trifolieae,Trifolium pratense,Trifolium,pratense,E,Disturbed,0.19,0.08,2.29,1.56,Oktibbeha,Doby,Disturbed,Disturbance area,Mississippi,
JRD612,2417,9197,0.69,-32.73,2.14,44.52,1,Fabales,Fabaceae,Fabeae,Vicia sp.,Vicia,sp.,n/a,Citrus WMA,0.06,0.04,1.41,1.09,Citrus,Doby,Mixed,Calcite Mixed Pine/Hardwood,Florida,
JRD613,2810,14186,-0.04,-30.87,2.21,44.25,1,Fabales,Fabaceae,Fabeae,Vicia sp.,Vicia,sp.,n/a,Citrus WMA,0.06,0.04,1.41,1.09,Citrus,Doby,Mixed,Calcite Mixed Pine/Hardwood,Florida,
JRD620,2765,10027,0.54,-31.41,2.76,42.01,1,Fabales,Fabaceae,Fabeae,Vicia acutifolia,Vicia,acutifolia,N,Crystal River,0.31,0.26,5.17,7.85,Citrus,Doby,Saltmarsh,Saltmarsh Ecotone,Florida,
JRD621,1910,7844,1.2,-29.87,2.33,40.76,1,Fabales,Fabaceae,Fabeae,Vicia acutifolia,Vicia,acutifolia,N,Crystal River,0.31,0.26,5.17,7.85,Citrus,Doby,Saltmarsh,Saltmarsh Ecotone,Florida,
N35-1,2195,12176,1.02,-29.74,1.98,44.28,1,Fabales,Fabaceae,Millettieae,Wisteria sinensis,Wisteria,sinensis,E,Prairie,0.04,0.1,9.7,8.09,Oktibbeha,Doby,Prairie,Calcite prairie,Mississippi,
N35-2,2301,11063,0.25,-28.06,2.48,46.28,1,Fabales,Fabaceae,Millettieae,Wisteria sinensis,Wisteria,sinensis,E,Prairie,0.04,0.1,9.7,8.09,Oktibbeha,Doby,Prairie,Calcite prairie,Mississippi,
